short_name,club,team_trophy,individual_trophy,trophy,year
L. Messi,FC Barcelona,1,0,Spanish League,4
L. Messi,FC Barcelona,0,1,U20 World Cup 05 - 6 goals,4
L. Messi,FC Barcelona,1,0,Champions League ,5
L. Messi,FC Barcelona,1,0,Spanish League,5
L. Messi,FC Barcelona,1,0,Spanish Super Cup Winner,5
L. Messi,FC Barcelona,1,0,U20 World Champion,5
L. Messi,FC Barcelona,1,0,Copa America Runner Up,6
L. Messi,FC Barcelona,1,0,Spanish Super Cup Winner,6
L. Messi,FC Barcelona,0,1,Vice Top Scorrer: Champions Leauge,7
L. Messi,FC Barcelona,1,0,Champions League ,8
L. Messi,FC Barcelona,1,0,Spanish League,8
L. Messi,FC Barcelona,0,1,Copa del Rey - 6 goals,8
L. Messi,FC Barcelona,0,1,UEFA Champions League - 9 goals,8
L. Messi,FC Barcelona,0,1,Player of the Season: La Liga,8
L. Messi,FC Barcelona,0,1,Player of the Season: Champions League,8
L. Messi,FC Barcelona,0,1,Olympic Champion,8
L. Messi,FC Barcelona,1,0,Olympic Champion,8
L. Messi,FC Barcelona,1,0,Copa Del Rey,8
L. Messi,FC Barcelona,0,1,Ballon d'Or,9
L. Messi,FC Barcelona,0,1,UEFA European Footballer of the Year,9
L. Messi,FC Barcelona,0,1,Golden Shoe,9
L. Messi,FC Barcelona,1,0,Fifa Club World Cup,9
L. Messi,FC Barcelona,1,0,Spanish League,9
L. Messi,FC Barcelona,0,1,LaLiga - 34 goals,9
L. Messi,FC Barcelona,0,1,UEFA Champions League - 8 goals,9
L. Messi,FC Barcelona,0,1,Player of the Season: La Liga,9
L. Messi,FC Barcelona,1,0,Super Cup,9
L. Messi,FC Barcelona,1,0,Spanish Super Cup Winner,9
L. Messi,FC Barcelona,0,1,Ballon d'Or,10
L. Messi,FC Barcelona,1,0,Champions League ,10
L. Messi,FC Barcelona,1,0,Spanish League,10
L. Messi,FC Barcelona,0,1,FIFA Club World Cup,10
L. Messi,FC Barcelona,0,1,UEFA Champions League - 12 goals,10
L. Messi,FC Barcelona,0,1,Copa del Rey,10
L. Messi,FC Barcelona,0,1,Player of the Season: La Liga,10
L. Messi,FC Barcelona,0,1,Vice Top Scorrer: La Liga,10
L. Messi,FC Barcelona,0,1,Top Assists: La Liga,10
L. Messi,FC Barcelona,0,1,Top Scorer: Champions League 12 Goals,10
L. Messi,FC Barcelona,1,0,Spanish Super Cup Winner,10
L. Messi,FC Barcelona,0,1,Ballon d'Or,11
L. Messi,FC Barcelona,0,1,UEFA European Footballer of the Year,11
L. Messi,FC Barcelona,0,1,Golden Shoe,11
L. Messi,FC Barcelona,1,0,Fifa Club World Cup,11
L. Messi,FC Barcelona,0,1,UEFA Champions League - 14 goals,11
L. Messi,FC Barcelona,0,1,LaLiga - 50 goals,11
L. Messi,FC Barcelona,0,1,Player of the Season: La Liga,11
L. Messi,FC Barcelona,0,1,Top Assists: La Liga,11
L. Messi,FC Barcelona,0,1,Top Assists: Champions League,11
L. Messi,FC Barcelona,1,0,Super Cup,11
L. Messi,FC Barcelona,0,1,Top Scorer: La Liga,11
L. Messi,FC Barcelona,0,1,Top Scorer: Champions League,11
L. Messi,FC Barcelona,1,0,Copa Del Rey,11
L. Messi,FC Barcelona,1,0,Spanish Super Cup Winner,11
L. Messi,FC Barcelona,0,1,Ballon d'Or,12
L. Messi,FC Barcelona,0,1,Golden Shoe,12
L. Messi,FC Barcelona,1,0,Spanish League,12
L. Messi,FC Barcelona,0,1,LaLiga - 46 goals,12
L. Messi,FC Barcelona,0,1,Player of the Season: La Liga,12
L. Messi,FC Barcelona,0,1,Top Scorer: La Liga,12
L. Messi,FC Barcelona,0,1,Copa del Rey - 5 goals,13
L. Messi,FC Barcelona,0,1,Vice Top Scorer: La Liga 28 Goals,13
L. Messi,FC Barcelona,0,1,Player of the Tournament: World Championship,13
L. Messi,FC Barcelona,0,1,Record Scorer,13
L. Messi,FC Barcelona,1,0,Spanish Super Cup Winner,13
L. Messi,FC Barcelona,1,0,Champions League ,14
L. Messi,FC Barcelona,1,0,Spanish League,14
L. Messi,FC Barcelona,0,1,UEFA Champions League - 10 goals,14
L. Messi,FC Barcelona,0,1,Player of the Season: La Liga,14
L. Messi,FC Barcelona,0,1,Vice World Cup Champion,14
L. Messi,FC Barcelona,0,1,Vice Top Scorer: Champions League 43 Goals,14
L. Messi,FC Barcelona,0,1,Player of the Tournament: Copa America,14
L. Messi,FC Barcelona,0,1,Top Assists: La Liga,14
L. Messi,FC Barcelona,0,1,Top Assists: Copa America,14
L. Messi,FC Barcelona,0,1,Top Assists: Champions League,14
L. Messi,FC Barcelona,1,0,Copa America Runner Up,14
L. Messi,FC Barcelona,0,1,Top Scorer: La Liga,14
L. Messi,FC Barcelona,0,1,Top Scorer: Champions League,14
L. Messi,FC Barcelona,1,0,Copa Del Rey,14
L. Messi,FC Barcelona,0,1,Ballon d'Or,15
L. Messi,FC Barcelona,0,1,UEFA European Footballer of the Year,15
L. Messi,FC Barcelona,1,0,Fifa Club World Cup,15
L. Messi,FC Barcelona,1,0,Spanish League,15
L. Messi,FC Barcelona,0,1,Copa del Rey - 5 goals,15
L. Messi,FC Barcelona,1,0,Super Cup,15
L. Messi,FC Barcelona,1,0,Copa America Runner Up,15
L. Messi,FC Barcelona,1,0,Copa Del Rey,15
L. Messi,FC Barcelona,0,1,Golden Shoe,16
L. Messi,FC Barcelona,0,1,Copa del Rey,16
L. Messi,FC Barcelona,0,1,LaLiga - 37 goals,16
L. Messi,FC Barcelona,0,1,Player of the Season: La Liga,16
L. Messi,FC Barcelona,0,1,Vice Top Scorer: Champions League 11 Goals,16
L. Messi,FC Barcelona,1,0,Copa Del Rey,16
L. Messi,FC Barcelona,1,0,Spanish Super Cup Winner,16
L. Messi,FC Barcelona,0,1,Golden Shoe,17
L. Messi,FC Barcelona,1,0,Spanish League,17
L. Messi,FC Barcelona,0,1,LaLiga - 34 goals,17
L. Messi,FC Barcelona,0,1,Player of the Season: La Liga,17
L. Messi,FC Barcelona,1,0,Copa Del Rey,17
L. Messi,FC Barcelona,1,0,Spanish League,18
L. Messi,FC Barcelona,0,1,LaLiga - 36 goals,18
L. Messi,FC Barcelona,0,1,UEFA Champions League - 12 goals,18
L. Messi,FC Barcelona,0,1,Player of the Season: La Liga,18
L. Messi,FC Barcelona,0,1,Silver Shoe,18
L. Messi,FC Barcelona,0,1,TM Player of the season,18
L. Messi,FC Barcelona,1,0,Spanish Super Cup Winner,18
L. Messi,FC Barcelona,0,1,World Footballer,19
L. Messi,FC Barcelona,0,1,Ballon d'Or,19
L. Messi,FC Barcelona,0,1,LaLiga - 25 goals,19
L. Messi,FC Barcelona,0,1,TM Player of the season,19
L. Messi,FC Barcelona,0,1,Copa America 21 - 4 goals,20
L. Messi,FC Barcelona,0,1,LaLiga - 30 goals,20
L. Messi,FC Barcelona,1,0,Copa America,20
L. Messi,FC Barcelona,0,1,Player of the Tournament: Copa America,20
L. Messi,FC Barcelona,0,1,TM Player of the season,20
L. Messi,FC Barcelona,1,0,Copa Del Rey,20
Kim Tae-yoon,Seongnam Ilhwa Chunma,1,0,AFC Champions League Winner,10
Kim Tae-yoon,Seongnam Ilhwa Chunma,1,0,FA Cup Winner,11
Dionísio,Santos,1,0,Campeonato Paulista,7
D. Buonanotte,AEK Athens,0,1,Kypello Elladas - 5 goals,15
D. Buonanotte,AEK Athens,1,0,Argentina Olympics,8
D. Buonanotte,AEK Athens,0,1,Argentina Olympics,8
D. Buonanotte,CD Universidad Católica,1,0,Chillean League,20
D. Buonanotte,CD Universidad Católica,1,0,Chillean League,19
D. Buonanotte,CD Universidad Católica,1,0,Chillean League,18
D. Buonanotte,CD Universidad Católica,1,0,Chillean League,16
D. Buonanotte,AEK Athens,1,0,Greek Cup,16
De Marcos,Athletic Bilbao,0,1,Europa League participant,9
De Marcos,Athletic Bilbao,0,1,Europa League finalist,11
De Marcos,Athletic Bilbao,1,0,Spanish Super Cup winner,20
De Marcos,Athletic Bilbao,1,0,Spanish Super Cup winner,15
M. Pugh,Bournemouth AFC,1,0,promotion to the 1st division,14
M. Pugh,Bournemouth AFC,1,0,promotion to the 2nd division,12
L. Suárez,FC Barcelona,0,1,World Cup participant,18
L. Suárez,FC Barcelona,0,1,World Cup participant,14
L. Suárez,Ajax Amsterdam,0,1,World Cup participant,10
L. Suárez,Liverpool FC,0,1,Europa League participant,12
L. Suárez,Ajax Amsterdam,0,1,Europa League participant,9
L. Suárez,FC Barcelona,1,0,Champions League winner,14
L. Suárez,FC Barcelona,1,0,FIFA Club World Champion,15
L. Suárez,Liverpool FC,0,1,Olympic participant,12
L. Suárez,Atlético Madrid,1,0,Spanish champion,21
L. Suárez,FC Barcelona,1,0,Spanish champion,18
L. Suárez,FC Barcelona,1,0,Spanish champion,17
L. Suárez,FC Barcelona,1,0,Spanish champion,15
L. Suárez,FC Barcelona,1,0,Spanish champion,14
L. Suárez,FC Barcelona,0,1,LaLiga - 40 goals,15
L. Suárez,Liverpool FC,0,1,Premier League - 31 goals,13
L. Suárez,Liverpool FC,0,1,World Cup qualification South America - 11 goals,13
L. Suárez,Ajax Amsterdam,0,1,Eredivisie - 35 goals,9
L. Suárez,Ajax Amsterdam,0,1,TOTO KNVB beker - 8 goals,9
L. Suárez,Ajax Amsterdam,0,1,Player of the season,10
L. Suárez,Liverpool FC,0,1,runner-up to the top scorer,12
L. Suárez,Liverpool FC,1,0,English league cup winner,12
L. Suárez,Ajax Amsterdam,0,1,Footballer of the year,10
L. Suárez,Ajax Amsterdam,1,0,Copa America Winner,10
L. Suárez,FC Barcelona,0,1,Copa America Participant,18
L. Suárez,FC Barcelona,0,1,Copa America Participant,15
L. Suárez,Ajax Amsterdam,0,1,U20 World Cup participant,7
L. Suárez,Liverpool FC,0,1,top assists,13
L. Suárez,Ajax Amsterdam,0,1,top assists,9
L. Suárez,Ajax Amsterdam,0,1,Uefa Cup participant,8
L. Suárez,Ajax Amsterdam,0,1,Uefa Cup participant,7
L. Suárez,FC Groningen,0,1,Uefa Cup participant,6
L. Suárez,FC Barcelona,1,0,UEFA Supercup winner,15
L. Suárez,Liverpool FC,0,1,Top Scorer,13
L. Suárez,Ajax Amsterdam,1,0,Dutch Cup Winner,9
L. Suárez,Ajax Amsterdam,1,0,Dutch Champion,10
L. Suárez,FC Barcelona,1,0,Spanish Cup Winner,17
L. Suárez,FC Barcelona,1,0,Spanish Cup Winner,16
L. Suárez,FC Barcelona,1,0,Spanish Cup Winner,15
L. Suárez,FC Barcelona,1,0,Spanish Cup Winner,14
L. Suárez,FC Barcelona,1,0,Spanish Super Cup winner,18
L. Suárez,FC Barcelona,1,0,Spanish Super Cup winner,16
L. Suárez,Club Nacional,1,0,Uruguayan champion,5
A. Le Fondre,Reading FC,1,0,promotion to the 1st division,11
A. Le Fondre,Sydney FC,1,0,Australian champion,18
A. Le Fondre,Sydney FC,1,0,winner ISL Regular Season,21
A. Le Fondre,Mumbai City FC,1,0,Indian Super League Champion,21
G. Sigurðsson,Tottenham Hotspur,0,1,Europa League participant,13
G. Sigurðsson,Tottenham Hotspur,0,1,Europa League participant,12
G. Sigurðsson,Swansea City,0,1,EM participant,16
G. Sigurðsson,Everton FC,0,1,World Cup participant,18
G. Sigurðsson,Swansea City,0,1,Footballer of the year,15
G. Sigurðsson,Swansea City,0,1,Footballer of the year,14
G. Sigurðsson,Tottenham Hotspur,0,1,Footballer of the year,13
G. Sigurðsson,Tottenham Hotspur,0,1,Footballer of the year,12
G. Sigurðsson,TSG 1899 Hoffenheim,0,1,Footballer of the year,10
G. Sigurðsson,Swansea City,0,1,U21 European Championship participant,11
G. Sigurðsson,Swansea City,0,1,athlete of the year,16
G. Sigurðsson,Tottenham Hotspur,0,1,athlete of the year,13
I. Perišić,FC Bayern Munich,0,1,Champions League Participant,20
I. Perišić,VfL Wolfsburg,0,1,Champions League Participant,16
I. Perišić,Borussia Dortmund,0,1,Champions League Participant,13
I. Perišić,Borussia Dortmund,0,1,Champions League Participant,12
I. Perišić,Inter Milan,0,1,World Cup participant,18
I. Perišić,VfL Wolfsburg,0,1,World Cup participant,14
I. Perišić,Inter Milan,0,1,EM participant,16
I. Perišić,Borussia Dortmund,0,1,EM participant,12
I. Perišić,VfL Wolfsburg,0,1,Europa League participant,14
I. Perišić,FC Bayern Munich,1,0,Champions League winner,19
I. Perišić,FC Bayern Munich,1,0,German champion,19
I. Perišić,Borussia Dortmund,1,0,German champion,11
I. Perišić,FC Bayern Munich,1,0,German cup winner,19
I. Perišić,VfL Wolfsburg,1,0,German cup winner,14
I. Perišić,Borussia Dortmund,1,0,German cup winner,11
I. Perišić,Borussia Dortmund,0,1,German cup finalist,11
I. Perišić,VfL Wolfsburg,1,0,German Super Cup winner,15
I. Perišić,Club Bruges,0,1,top scorer: Jupiler Pro League - 22 goals,10
I. Perišić,Club Bruges,0,1,player of the season,10
I. Perišić,Inter Milan,0,1,Vice World Champion,18
I. Perišić,Borussia Dortmund,0,1,Champions League finalist,12
I. Perišić,Borussia Dortmund,0,1,German runner-up,12
I. Perišić,Inter Milan,1,0,Italian champion,20
I. Perišić,VfL Wolfsburg,0,1,footballer of the year,14
I. Perišić,Borussia Dortmund,0,1,German Super Cup finalist,11